Domain,Status,Attractiveness,Demand,Length,Sectors,Created,Expires,Registrar
one.bingo,available,132,44%,3,"Business,General,Media,Technology",,,
brief.bingo,available,124,19%,5,"Business,Education,General,Law",,,
second.bingo,available,120,23%,6,"General,Mathematics",,,
complete.bingo,available,120,21%,8,"Manufacturing,Retail,Technology",,,
tenth.bingo,available,116,7%,5,Mathematics,,,
equal.bingo,available,116,19%,5,"Education,General,Law",,,
flat.bingo,available,116,24%,4,"Construction,Real Estate",,,
tonic.bingo,available,114,22%,5,"Health and Fitness,Medicine,Science",,,
acute.bingo,available,112,9%,5,"Mathematics,Medicine,Science",,,
hotshot.bingo,available,112,14%,7,"Business,Entertainment,Sports",,,
zero.bingo,available,112,49%,4,Mathematics,,,
above.bingo,available,112,22%,5,Business,,,
abstract.bingo,available,108,29%,8,"Arts,Humanities,Science",,,
abiding.bingo,available,106,5%,7,"General,Religion",,,
teen.bingo,available,104,14%,4,"Education,Entertainment,Healthcare",,,
active.bingo,available,104,27%,6,"Health and Fitness,Sports,Travel",,,
expert.bingo,available,104,26%,6,"Business,Education,Technology",,,
captive.bingo,available,102,14%,7,"Entertainment,Hospitality,Technology",,,
absent.bingo,available,102,8%,6,"Business,Education,Technology",,,
eight.bingo,available,102,23%,5,"General,Mathematics",,,
extra.bingo,available,102,26%,5,"Fashion,Retail,Technology",,,
whiz.bingo,available,100,12%,4,"Business,Education,Technology",,,
remove.bingo,available,100,13%,6,"Construction,Manufacturing,Technology",,,
eighth.bingo,available,100,6%,6,Mathematics,,,
sixth.bingo,available,100,8%,5,Mathematics,,,
crack.bingo,available,100,20%,5,Sports,,,
adjunct.bingo,available,100,5%,7,Education,,,
third.bingo,available,100,16%,5,Mathematics,,,
abrupt.bingo,available,100,3%,6,"Medicine,Science",,,
ninth.bingo,available,100,9%,5,Mathematics,,,
whizz.bingo,available,98,11%,5,"Business,Education,Technology",,,
genius.bingo,available,98,46%,6,"Arts,Education,Technology",,,
academic.bingo,available,96,20%,8,"Education,Humanities,Science",,,
alamode.bingo,available,96,12%,9,Fashion,,,
actual.bingo,available,96,22%,6,"Real Estate,Retail,Technology",,,
doable.bingo,available,96,9%,6,"Business,Education,Technology",,,
forgiving.bingo,available,96,3%,9,"Healthcare,Religion",,,
abject.bingo,available,94,7%,6,Humanities,,,
virtuoso.bingo,available,94,16%,8,"Arts,Entertainment",,,
adequate.bingo,available,94,9%,8,"Education,Healthcare,Technology",,,
around.bingo,available,94,22%,6,"Business,General,Media,Technology",,,
about.bingo,available,94,28%,5,"Business,General,Media,Technology",,,
next.bingo,available,92,43%,4,"Retail,Technology,Transportation",,,
nought.bingo,available,92,4%,6,Mathematics,,,
abroad.bingo,available,92,12%,6,"Hospitality,Travel",,,
exemplary.bingo,available,92,5%,9,"Business,Education,Healthcare",,,
derelict.bingo,available,92,7%,8,"Construction,Real Estate",,,
adjective.bingo,available,92,5%,9,Education,,,
adept.bingo,available,92,24%,5,"Education,Health and Fitness,Sports",,,
neutral.bingo,available,92,20%,7,"Business,Media,Politics",,,
twentieth.bingo,available,92,3%,9,Mathematics,,,
gripping.bingo,available,90,3%,8,"Entertainment,Media,Technology",,,
endearing.bingo,available,90,1%,9,"Entertainment,Fashion,Retail",,,
abortive.bingo,available,90,1%,8,"Medicine,Science",,,
adoring.bingo,available,90,2%,7,"Entertainment,Fashion,Retail",,,
leash.bingo,available,90,7%,5,"General,Health and Fitness,Retail",,,
riveting.bingo,available,90,6%,8,"Entertainment,Media,Technology",,,
additional.bingo,available,90,8%,10,"Fashion,Retail,Technology",,,
addictive.bingo,available,90,9%,9,Healthcare,,,
proficient.bingo,available,88,8%,10,"Education,Health and Fitness,Sports",,,
adlib.bingo,available,88,7%,6,Entertainment,,,
three.bingo,available,88,24%,5,Mathematics,,,
activist.bingo,available,88,12%,8,"Humanities,Politics",,,
sixteen.bingo,available,88,11%,7,Mathematics,,,
ten.bingo,available,88,28%,3,"General,Mathematics",,,
hundred.bingo,available,88,14%,7,Mathematics,,,
eleven.bingo,available,88,33%,6,Mathematics,,,
twelve.bingo,available,88,18%,6,"General,Mathematics",,,
actionable.bingo,available,88,13%,10,"Business,Law",,,
ace.bingo,available,88,34%,3,Sports,,,
wide.bingo,available,88,18%,4,"Business,Media,Technology",,,
fifteen.bingo,available,88,13%,7,Mathematics,,,
extempore.bingo,available,86,3%,9,Entertainment,,,
xix.bingo,available,86,11%,3,Mathematics,,,
xiv.bingo,available,86,12%,3,Mathematics,,,
cipher.bingo,available,86,29%,6,Mathematics,,,
attendant.bingo,available,86,5%,9,"Healthcare,Hospitality,Transportation",,,
adolescent.bingo,available,86,3%,10,"Education,Entertainment,Healthcare",,,
star.bingo,available,86,40%,4,"Entertainment,Media,Sports",,,
aboriginal.bingo,available,86,10%,10,Humanities,,,
recondite.bingo,available,86,4%,9,"Arts,Humanities,Science",,,
intent.bingo,available,86,25%,6,"Business,Education,Technology",,,
engrossing.bingo,available,86,0%,10,"Entertainment,Media,Technology",,,
sharp.bingo,available,84,34%,5,"Arts,Fashion",,,
deviate.bingo,available,84,12%,7,"Medicine,Science",,,
thousand.bingo,available,84,8%,8,Mathematics,,,
thirteen.bingo,available,84,10%,8,Mathematics,,,
acting.bingo,available,84,12%,6,Entertainment,,,
seventeen.bingo,available,84,7%,9,Mathematics,,,
accessory.bingo,available,84,8%,9,"Fashion,Retail,Technology",,,
nineteen.bingo,available,84,8%,8,Mathematics,,,
fourteen.bingo,available,84,8%,8,Mathematics,,,
twentyone.bingo,available,84,13%,10,Mathematics,,,
adjustable.bingo,available,84,3%,10,"Manufacturing,Retail,Technology",,,
twentytwo.bingo,available,84,11%,10,Mathematics,,,
grand.bingo,available,84,25%,5,"Finance,General",,,
fivesome.bingo,available,82,1%,8,Sports,,,
altered.bingo,available,82,9%,7,"Medicine,Science",,,
absorbent.bingo,available,82,3%,9,"Healthcare,Manufacturing,Retail",,,
abenaki.bingo,available,82,2%,7,Geography,,,
abkhaz.bingo,available,82,1%,6,Geography,,,
abroach.bingo,available,82,1%,7,Food and Beverage,,,
cleansing.bingo,available,82,3%,9,Health and Fitness,,,
impromptu.bingo,available,82,16%,9,Entertainment,,,
decade.bingo,available,82,10%,6,Mathematics,,,
abdominal.bingo,available,82,1%,9,"Health and Fitness,Medicine",,,
enduring.bingo,available,82,9%,8,"Health and Fitness,Religion",,,
dozen.bingo,available,82,10%,5,Mathematics,,,
absorbable.bingo,available,80,0%,10,"Healthcare,Pharmaceuticals,Science",,,
nine.bingo,available,80,24%,4,"General,Mathematics",,,
some.bingo,available,80,32%,4,"Business,Media,Retail",,,
abundant.bingo,available,80,19%,8,"Agriculture,Manufacturing,Retail",,,
first.bingo,available,80,36%,5,"General,Mathematics",,,
two.bingo,available,80,24%,3,Mathematics,,,
able.bingo,available,80,29%,4,"Business,Education,General,Technology",,,
forty.bingo,available,80,9%,5,Mathematics,,,
worshipful.bingo,available,80,1%,10,"Education,Healthcare,Religion",,,
wiz.bingo,available,80,30%,3,"Business,Education,Technology",,,
superstar.bingo,available,80,18%,9,Entertainment,,,
yard.bingo,available,80,26%,4,"Construction,General",,,
seventh.bingo,available,80,10%,7,Mathematics,,,
twenty.bingo,available,80,12%,6,Mathematics,,,
absurd.bingo,available,80,16%,6,"Arts,Entertainment,Media",,,
sequent.bingo,available,80,7%,7,"Healthcare,Insurance,Transportation",,,
capable.bingo,available,80,12%,7,"Business,Education,Technology",,,
adoptable.bingo,available,80,3%,9,"Education,Healthcare",,,
trio.bingo,available,80,21%,4,Entertainment,,,
dorsal.bingo,available,80,6%,6,"Medicine,Science",,,
abounding.bingo,available,78,2%,9,Agriculture,,,
adrenal.bingo,available,78,4%,7,"Education,Healthcare,Science",,,
recognized.bingo,available,78,3%,10,"Business,Education,Technology",,,
accepted.bingo,available,78,6%,8,"Business,Education,Technology",,,
twentysix.bingo,available,78,8%,10,Mathematics,,,
low.bingo,available,78,20%,3,"Business,Finance",,,
acceptable.bingo,available,78,5%,10,"Business,Hospitality,Retail",,,
adjacent.bingo,available,78,9%,8,"Construction,Real Estate,Retail",,,
recognised.bingo,available,78,3%,10,"Business,Education,Technology",,,
sixtynine.bingo,available,78,8%,10,Mathematics,,,
abkhasian.bingo,available,78,1%,9,Geography,,,
adorable.bingo,available,78,8%,8,"Entertainment,Fashion,Retail",,,
abkhazian.bingo,available,78,1%,9,Geography,,,
absorptive.bingo,available,78,1%,10,"Healthcare,Manufacturing,Retail",,,
acceptant.bingo,available,78,1%,9,"Education,Healthcare",,,
accidental.bingo,available,78,11%,10,"Healthcare,Insurance,Transportation",,,
accessible.bingo,available,78,21%,10,"Healthcare,Retail,Technology",,,
dormant.bingo,available,78,4%,7,"Medicine,Science",,,
accurate.bingo,available,78,16%,8,"Engineering,Mathematics,Science",,,
honestly.bingo,available,78,9%,8,"Business,Law",,,
athletic.bingo,available,78,15%,8,"Health and Fitness,Sports",,,
fourteenth.bingo,available,76,1%,10,Mathematics,,,
nineteenth.bingo,available,76,3%,10,Mathematics,,,
ancillary.bingo,available,76,6%,9,"Healthcare,Manufacturing,Technology",,,
improvise.bingo,available,76,4%,9,Entertainment,,,
thousandth.bingo,available,76,1%,10,Mathematics,,,
adaptive.bingo,available,76,28%,8,"Business,Education,Technology",,,
obscene.bingo,available,76,5%,7,"Entertainment,Media",,,
adipose.bingo,available,76,2%,7,"Healthcare,Science",,,
auxiliary.bingo,available,76,7%,9,"Healthcare,Manufacturing,Technology",,,
adaptable.bingo,available,76,9%,9,"Business,Education,Technology",,,
firstrate.bingo,available,76,6%,10,Business,,,
eighteen.bingo,available,76,7%,8,Mathematics,,,
fifteenth.bingo,available,76,2%,9,Mathematics,,,
adhesive.bingo,available,76,7%,8,"Construction,Manufacturing,Technology",,,
abrasive.bingo,available,76,6%,8,"Construction,Manufacturing",,,
ventral.bingo,available,76,3%,7,Science,,,
incidental.bingo,available,76,4%,10,"Healthcare,Insurance,Transportation",,,
energizing.bingo,available,76,3%,10,"Food and Beverage,Health and Fitness,Travel",,,
adherent.bingo,available,76,4%,8,"Politics,Religion",,,
addable.bingo,available,76,2%,7,"Engineering,Mathematics,Science",,,
resultant.bingo,available,76,2%,9,"Healthcare,Insurance,Transportation",,,
thirteenth.bingo,available,76,4%,10,Mathematics,,,
threed.bingo,available,76,7%,7,Technology,,,
ague.bingo,available,76,2%,4,"Geography,Medicine,Science",,,
diamond.bingo,available,76,32%,7,Fashion,,,
acoustic.bingo,available,76,14%,8,Science,,,
hundredth.bingo,available,76,1%,9,Mathematics,,,
skilful.bingo,available,74,3%,7,"Education,Health and Fitness,Sports",,,
adenoid.bingo,available,74,1%,7,"Health and Fitness,Medicine,Science",,,
cleared.bingo,available,74,7%,7,"Healthcare,Law,Transportation",,,
adrenergic.bingo,available,74,1%,10,"Education,Healthcare,Science",,,
adamant.bingo,available,74,14%,7,Religion,,,
mavin.bingo,available,74,7%,5,"Entertainment,Fashion,Technology",,,
adapted.bingo,available,74,6%,7,"Healthcare,Manufacturing,Technology",,,
playing.bingo,resell,74,12%,7,Entertainment,17/05/2015 16:00,17/05/2026 16:00,1API GmbH
abnormal.bingo,available,74,16%,8,"Medicine,Science",,,
supra.bingo,available,74,25%,5,"Medicine,Science",,,
manageable.bingo,available,74,4%,10,"Business,Education,Technology",,,
single.bingo,available,74,19%,6,Sports,,,
activated.bingo,available,74,9%,9,"Healthcare,Manufacturing,Technology",,,
admirable.bingo,available,74,5%,9,"Business,Education,Healthcare",,,
broad.bingo,available,74,13%,5,"Entertainment,General,Media",,,
accepting.bingo,available,74,3%,9,"Education,Healthcare",,,
sensation.bingo,available,74,7%,9,"Entertainment,Media,Sports",,,
achievable.bingo,available,74,4%,10,"Business,Education,Technology",,,
realizable.bingo,available,74,1%,10,"Business,Education,Technology",,,
acuate.bingo,available,74,2%,6,"Engineering,Medicine,Science",,,
abreast.bingo,available,72,2%,7,"Business,Technology",,,
aching.bingo,available,72,4%,6,Healthcare,,,
sixtieth.bingo,available,72,1%,8,Mathematics,,,
deep.bingo,available,72,41%,4,"Engineering,Mathematics,Science",,,
adaptative.bingo,available,72,1%,10,"Business,Education,Technology",,,
engrossed.bingo,available,72,1%,9,"Entertainment,Media,Technology",,,
existent.bingo,available,72,3%,8,"Mathematics,Science",,,
adonic.bingo,available,72,2%,6,"Arts,Education,Entertainment",,,
adjectival.bingo,available,72,1%,10,Education,,,
abloom.bingo,available,72,5%,6,Agriculture,,,
improvize.bingo,available,72,1%,9,Entertainment,,,
adiabatic.bingo,available,72,3%,9,"Engineering,Science",,,
ninetieth.bingo,available,72,1%,9,Mathematics,,,
adjunctive.bingo,available,72,1%,10,"Healthcare,Manufacturing,Technology",,,
seventieth.bingo,available,72,1%,10,Mathematics,,,
ablaze.bingo,available,72,6%,6,Entertainment,,,
absolutist.bingo,available,72,1%,10,"Humanities,Law,Politics",,,
trey.bingo,available,72,14%,4,Sports,,,
absorbed.bingo,available,72,2%,8,"Entertainment,Media,Technology",,,
lovely.bingo,available,72,26%,6,"Entertainment,Fashion,Retail",,,
liv.bingo,available,72,27%,3,Mathematics,,,
trinity.bingo,available,72,18%,7,Religion,,,
eightieth.bingo,available,72,1%,9,Mathematics,,,
addicted.bingo,available,72,9%,8,Healthcare,,,
accusative.bingo,available,72,0%,10,"Humanities,Law",,,
accustomed.bingo,available,72,1%,10,"Business,Education,Humanities",,,
ternary.bingo,available,72,7%,7,Mathematics,,,
adored.bingo,available,70,6%,6,"Entertainment,Fashion,Retail",,,
practiced.bingo,available,70,3%,9,"Education,Health and Fitness,Sports",,,
adjusted.bingo,available,70,5%,8,"Manufacturing,Retail,Technology",,,
abradant.bingo,available,70,1%,8,"Construction,Manufacturing",,,
accumbent.bingo,available,70,1%,9,"Healthcare,Medicine,Science",,,
acuminate.bingo,available,70,1%,9,"Engineering,Medicine,Science",,,
lowdown.bingo,available,70,6%,8,"Entertainment,Media",,,
skillful.bingo,available,70,9%,8,"Education,Health and Fitness,Sports",,,
admired.bingo,available,70,5%,7,"Business,Education,Healthcare",,,
offhand.bingo,available,70,2%,7,Entertainment,,,
miserable.bingo,available,70,4%,9,Humanities,,,
consequent.bingo,available,70,3%,10,"Business,Education,General,Technology",,,
abulic.bingo,available,70,1%,6,Medicine,,,
absorbing.bingo,available,70,3%,9,"Entertainment,Media,Technology",,,
gymnastic.bingo,available,70,3%,9,"Entertainment,Sports",,,
recumbent.bingo,available,70,2%,9,"Healthcare,Medicine,Science",,,
unity.bingo,available,70,40%,5,Mathematics,,,
stillborn.bingo,available,70,2%,9,"Medicine,Science",,,
adamantine.bingo,available,70,4%,10,Religion,,,
abnaki.bingo,available,68,1%,6,Geography,,,
thirtieth.bingo,available,68,1%,9,Mathematics,,,
achaean.bingo,available,68,2%,7,Humanities,,,
foursome.bingo,available,68,4%,8,Sports,,,
ennead.bingo,available,68,5%,6,Mathematics,,,
achaian.bingo,available,68,2%,7,Humanities,,,
abducent.bingo,available,68,0%,8,Medicine,,,
threesome.bingo,available,68,5%,9,Entertainment,,,
stygian.bingo,available,68,5%,7,Humanities,,,
fiftieth.bingo,available,68,0%,8,Mathematics,,,
aberdonian.bingo,available,68,1%,10,Geography,,,
octonary.bingo,available,68,1%,8,Mathematics,,,
disciple.bingo,available,68,14%,8,"Education,Religion",,,
aculeate.bingo,available,68,1%,8,"Engineering,Medicine,Science",,,
overseas.bingo,available,68,12%,8,"Hospitality,Travel",,,
ane.bingo,available,68,12%,3,Mathematics,,,
acerate.bingo,available,68,1%,7,Science,,,
fortieth.bingo,available,68,0%,8,Mathematics,,,
sevener.bingo,available,68,1%,7,Mathematics,,,
accredited.bingo,available,68,9%,10,"Business,Education,Healthcare",,,
licensed.bingo,available,68,5%,8,"Business,Healthcare,Insurance",,,
aroused.bingo,available,68,3%,7,"Entertainment,Health and Fitness",,,
scurvy.bingo,available,68,3%,6,Humanities,,,
decorated.bingo,available,68,3%,9,"Entertainment,Fashion,Retail",,,
septenary.bingo,available,68,1%,9,Mathematics,,,
abkhas.bingo,available,68,0%,6,Geography,,,
ablative.bingo,available,68,3%,8,Science,,,
activating.bingo,available,68,3%,10,"Healthcare,Manufacturing,Technology",,,
licenced.bingo,available,68,2%,8,"Business,Healthcare,Insurance",,,
vindicated.bingo,available,68,2%,10,"Humanities,Law,Politics",,,
xvi.bingo,available,66,5%,3,Mathematics,,,
xxv.bingo,available,66,6%,3,Mathematics,,,
accessary.bingo,available,66,1%,9,"Business,Law,Technology",,,
acappella.bingo,available,66,6%,10,Entertainment,,,
clv.bingo,available,66,10%,3,Mathematics,,,
thirty.bingo,available,66,8%,6,Mathematics,,,
deuce.bingo,available,66,9%,5,Sports,,,
performing.bingo,available,66,6%,10,Entertainment,,,
teenager.bingo,available,66,4%,8,"Education,Entertainment,Healthcare",,,
tenner.bingo,available,66,5%,6,Finance,,,
xii.bingo,available,66,10%,3,Mathematics,,,
maven.bingo,available,66,30%,5,"Entertainment,Fashion,Technology",,,
adopted.bingo,available,66,4%,7,"Education,Healthcare",,,
xvii.bingo,available,66,5%,4,Mathematics,,,
six.bingo,available,66,26%,3,Mathematics,,,
four.bingo,available,66,27%,4,Mathematics,,,
exonerated.bingo,available,66,2%,10,"Humanities,Law,Politics",,,
modish.bingo,available,66,5%,6,Fashion,,,
sextet.bingo,available,66,1%,6,Entertainment,,,
five.bingo,available,66,26%,4,Mathematics,,,
xxi.bingo,available,66,10%,3,Mathematics,,,
xxvi.bingo,available,66,3%,4,Mathematics,,,
buzzing.bingo,available,66,7%,7,"Entertainment,Media,Technology",,,
xviii.bingo,available,66,5%,5,Mathematics,,,
adorned.bingo,available,66,5%,7,"Entertainment,Fashion,Retail",,,
xiii.bingo,available,66,9%,4,Mathematics,,,
eighty.bingo,available,66,6%,6,Mathematics,,,
ninety.bingo,available,66,11%,6,Mathematics,,,
abstinent.bingo,available,66,1%,9,"Health and Fitness,Religion",,,
century.bingo,available,66,17%,7,Education,,,
xxii.bingo,available,66,6%,4,Mathematics,,,
fifty.bingo,available,66,12%,5,Mathematics,,,
latest.bingo,available,66,18%,6,Technology,,,
according.bingo,available,66,3%,9,"Business,Education,Technology",,,
acervate.bingo,available,66,1%,8,Science,,,
acrobatic.bingo,available,66,4%,9,"Entertainment,Sports",,,
onec.bingo,available,66,6%,5,Mathematics,,,
acentric.bingo,available,64,2%,8,Science,,,
scatty.bingo,available,64,1%,6,"Arts,Entertainment,Media",,,
absolved.bingo,available,64,1%,8,"Humanities,Law,Religion",,,
deviant.bingo,available,64,12%,7,"Medicine,Science",,,
aflame.bingo,available,64,3%,6,Entertainment,,,
nondrinker.bingo,available,64,1%,10,"Health and Fitness,Religion",,,
accordant.bingo,available,64,3%,9,"Arts,Entertainment",,,
astringent.bingo,available,64,1%,10,"Healthcare,Pharmaceuticals",,,
rising.bingo,available,64,18%,6,"Construction,Manufacturing,Real Estate",,,
adagio.bingo,available,64,14%,6,Entertainment,,,
twodozen.bingo,available,62,1%,9,Mathematics,,,
fortyfour.bingo,available,62,6%,10,Mathematics,,,
activation.bingo,available,62,16%,10,"Healthcare,Manufacturing,Technology",,,
abo.bingo,available,62,15%,3,Science,,,
activistic.bingo,available,62,1%,10,"Humanities,Politics",,,
orso.bingo,available,62,9%,5,"Business,Media,Technology",,,
wrapped.bingo,available,62,13%,7,"Fashion,Hospitality,Retail",,,
sixteenth.bingo,available,62,1%,9,Mathematics,,,
chiliad.bingo,available,62,2%,7,Mathematics,,,
exculpated.bingo,available,62,1%,10,"Humanities,Law,Politics",,,
eleventh.bingo,available,62,5%,8,Mathematics,,,
eighteenth.bingo,available,62,1%,10,Mathematics,,,
adjuvant.bingo,available,62,5%,8,"Healthcare,Manufacturing,Technology",,,
admissible.bingo,available,62,1%,10,"Education,Healthcare,Law",,,
accusing.bingo,available,62,1%,8,Law,,,
longdozen.bingo,available,62,2%,10,Mathematics,,,
troika.bingo,available,62,8%,6,Politics,,,
roughly.bingo,available,62,3%,7,"Business,Media,Technology",,,
aufait.bingo,available,62,3%,7,"Fashion,Media",,,
playacting.bingo,available,62,1%,10,Entertainment,,,
acidic.bingo,available,62,5%,6,"Food and Beverage,Science",,,
quartet.bingo,available,62,7%,7,"Arts,Entertainment",,,
pungent.bingo,available,62,1%,7,Food and Beverage,,,
adoptive.bingo,available,62,1%,8,"Education,Healthcare",,,
ensuant.bingo,available,62,1%,7,"Healthcare,Insurance,Transportation",,,
nail.bingo,available,62,16%,4,"Construction,Fashion,General,Retail",,,
cumulative.bingo,available,62,2%,10,"Banking,Finance,Insurance",,,
accrued.bingo,available,62,2%,7,"Banking,Finance,Insurance",,,
aborigine.bingo,available,62,1%,9,Humanities,,,
abashed.bingo,available,60,1%,7,Humanities,,,
idolized.bingo,available,60,3%,8,"Entertainment,Fashion,Retail",,,
tertiary.bingo,available,60,4%,8,Education,,,
cxxxv.bingo,available,60,2%,5,Mathematics,,,
cautionary.bingo,available,60,1%,10,"Business,Education,Healthcare",,,
clxv.bingo,available,60,1%,4,Mathematics,,,
cxl.bingo,available,60,7%,3,Mathematics,,,
clx.bingo,available,60,10%,3,Mathematics,,,
clxx.bingo,available,60,3%,4,Mathematics,,,
adnexal.bingo,available,60,1%,7,"Agriculture,Manufacturing,Retail",,,
clxxv.bingo,available,60,1%,5,Mathematics,,,
paunchy.bingo,available,60,0%,7,"Health and Fitness,Medicine",,,
sixty.bingo,available,60,13%,5,Mathematics,,,
abstemious.bingo,available,60,0%,10,"Food and Beverage,Health and Fitness,Hospitality",,,
cxv.bingo,available,60,4%,3,Mathematics,,,
annexal.bingo,available,60,1%,7,"Agriculture,Manufacturing,Retail",,,
acceptive.bingo,available,60,1%,9,"Education,Healthcare",,,
xcl.bingo,available,60,5%,3,Mathematics,,,
eightysix.bingo,available,60,7%,10,Mathematics,,,
thou.bingo,available,60,7%,4,Mathematics,,,
cxxx.bingo,available,60,4%,4,Mathematics,,,
octet.bingo,available,60,12%,5,Arts,,,
adnate.bingo,available,60,1%,6,"Agriculture,Manufacturing,Retail",,,
clxxx.bingo,available,60,1%,5,Mathematics,,,
cxxv.bingo,available,60,1%,4,Mathematics,,,
cxx.bingo,available,60,10%,3,Mathematics,,,
abstainer.bingo,available,60,0%,9,"Health and Fitness,Religion",,,
aboveboard.bingo,available,60,5%,10,"Business,Law",,,
idolised.bingo,available,60,1%,8,"Entertainment,Fashion,Retail",,,
cxlv.bingo,available,60,2%,4,Mathematics,,,
tercet.bingo,available,59,2%,6,"Arts,Entertainment,Media",,,
acyclic.bingo,available,58,4%,7,"Engineering,Mathematics,Science",,,
twelfth.bingo,available,58,2%,7,Mathematics,,,
pentad.bingo,available,58,2%,6,Mathematics,,,
alacarte.bingo,available,58,11%,10,Food and Beverage,,,
addible.bingo,available,58,2%,7,"Engineering,Mathematics,Science",,,
tetrad.bingo,available,58,5%,6,Mathematics,,,
fourscore.bingo,available,58,4%,9,Mathematics,,,
fifth.bingo,available,58,12%,5,Mathematics,,,
actuarial.bingo,available,58,8%,9,"Finance,Insurance,Mathematics",,,
niner.bingo,available,58,5%,5,Mathematics,,,
octad.bingo,available,58,5%,5,Mathematics,,,
abused.bingo,available,58,5%,6,"Healthcare,Law",,,
cypher.bingo,available,58,29%,6,Mathematics,,,
closeto.bingo,available,58,3%,8,"Business,Media,Technology",,,
abridged.bingo,available,58,4%,8,Media,,,
offhanded.bingo,available,58,1%,9,Entertainment,,,
adhoc.bingo,available,58,24%,6,"Business,Engineering,Technology",,,
lxxx.bingo,available,58,2%,4,Mathematics,,,
addressed.bingo,available,58,3%,9,"Business,Technology,Telecommunications",,,
seven.bingo,available,58,36%,5,Mathematics,,,
accented.bingo,available,58,3%,8,"Arts,Entertainment",,,
adient.bingo,available,58,4%,6,"Medicine,Science",,,
acetic.bingo,available,58,1%,6,"Food and Beverage,Science",,,
heptad.bingo,available,58,1%,6,Mathematics,,,
quintet.bingo,available,58,8%,7,"Arts,Entertainment",,,
ache.bingo,available,58,7%,4,Healthcare,,,
sixtyone.bingo,available,58,3%,9,Mathematics,,,
linear.bingo,available,58,22%,6,"Engineering,Mathematics,Science",,,
accoutred.bingo,available,58,1%,9,"Fashion,Manufacturing,Retail",,,
fourth.bingo,available,58,13%,6,Mathematics,,,
seventy.bingo,available,58,7%,7,Mathematics,,,
centesimal.bingo,available,58,1%,10,Mathematics,,,
adjustive.bingo,available,58,1%,9,"Manufacturing,Retail,Technology",,,
justabout.bingo,available,58,3%,10,"Business,Media,Technology",,,
lxxviii.bingo,available,58,1%,7,Mathematics,,,
sixer.bingo,available,58,5%,5,Sports,,,
aucourant.bingo,available,58,3%,10,"Fashion,Media",,,
accretive.bingo,available,58,6%,9,"Banking,Finance,Insurance",,,
enwrapped.bingo,available,58,0%,9,"Entertainment,Fashion,Media",,,
sextuplet.bingo,available,58,1%,9,Healthcare,,,
hexad.bingo,available,58,4%,5,Mathematics,,,
abuzz.bingo,available,58,5%,5,"Entertainment,Media,Technology",,,
abandoned.bingo,available,58,10%,9,"Construction,Real Estate",,,
eighter.bingo,available,58,2%,7,Mathematics,,,
super.bingo,expiring,58,47%,5,Business,23/08/2020 22:36,23/08/2025 22:36,Dynadot Inc
abeyant.bingo,available,56,1%,7,"Business,Law",,,
admittible.bingo,available,56,1%,10,"Education,Healthcare,Hospitality",,,
accoutered.bingo,available,56,0%,10,"Fashion,Manufacturing,Retail",,,
liii.bingo,available,56,4%,4,Mathematics,,,
xxxvi.bingo,available,56,1%,5,Mathematics,,,
fortytwo.bingo,available,56,17%,9,Mathematics,,,
xxxiv.bingo,available,56,1%,5,Mathematics,,,
xlv.bingo,available,56,6%,3,Mathematics,,,
fiftynine.bingo,available,56,4%,10,Mathematics,,,
fiftyfour.bingo,available,56,3%,10,Mathematics,,,
admissive.bingo,available,56,1%,9,"Education,Healthcare,Hospitality",,,
halfdozen.bingo,available,56,1%,10,Mathematics,,,
addled.bingo,available,56,2%,6,Entertainment,,,
xxiv.bingo,available,56,5%,4,Mathematics,,,
lii.bingo,available,56,7%,3,Mathematics,,,
maledict.bingo,available,56,1%,8,Religion,,,
appressed.bingo,available,56,0%,9,"Agriculture,Manufacturing,Retail",,,
xlviii.bingo,available,56,1%,6,Mathematics,,,
xlvii.bingo,available,56,2%,5,Mathematics,,,
xxxi.bingo,available,56,9%,4,Mathematics,,,
fiftyone.bingo,available,56,7%,9,Mathematics,,,
xxiii.bingo,available,56,5%,5,Mathematics,,,
thirtysix.bingo,available,56,5%,10,Mathematics,,,
thirtytwo.bingo,available,56,5%,10,Mathematics,,,
admittable.bingo,available,56,1%,10,"Education,Healthcare,Hospitality",,,
fiftysix.bingo,available,56,4%,9,Mathematics,,,
xxvii.bingo,available,56,3%,5,Mathematics,,,
fortysix.bingo,available,56,3%,9,Mathematics,,,
fortyone.bingo,available,56,4%,9,Mathematics,,,
lvii.bingo,available,56,1%,4,Mathematics,,,
xxxviii.bingo,available,56,1%,7,Mathematics,,,
xxxv.bingo,available,56,4%,4,Mathematics,,,
fiftyfive.bingo,available,56,7%,10,Mathematics,,,
terzetto.bingo,available,56,3%,8,Arts,,,
xliii.bingo,available,56,1%,5,Mathematics,,,
fortynine.bingo,available,56,3%,10,Mathematics,,,
lvi.bingo,available,56,8%,3,Mathematics,,,
xliv.bingo,available,56,2%,4,Mathematics,,,
abdominous.bingo,available,56,0%,10,"Health and Fitness,Medicine",,,
thirtyone.bingo,available,56,5%,10,Mathematics,,,
xlii.bingo,available,56,5%,4,Mathematics,,,
xxxvii.bingo,available,56,2%,6,Mathematics,,,
xxxiii.bingo,available,56,2%,6,Mathematics,,,
xxxii.bingo,available,56,1%,5,Mathematics,,,
triad.bingo,available,56,15%,5,Arts,,,
lviii.bingo,available,56,1%,5,Mathematics,,,
xlvi.bingo,available,56,3%,4,Mathematics,,,
fiftytwo.bingo,available,56,6%,9,Mathematics,,,
xxviii.bingo,available,56,1%,6,Mathematics,,,
potbellied.bingo,available,56,0%,10,"Health and Fitness,Medicine",,,
ilx.bingo,available,56,5%,3,Mathematics,,,
xli.bingo,available,56,5%,3,Mathematics,,,
xxix.bingo,available,56,4%,4,Mathematics,,,
monitory.bingo,available,54,3%,8,"Business,Education,Healthcare",,,
abatic.bingo,available,54,1%,6,Science,,,
admonitory.bingo,available,54,0%,10,"Business,Education,Healthcare",,,
twoscore.bingo,available,54,2%,8,Mathematics,,,
abhorrent.bingo,available,54,1%,9,Humanities,,,
viii.bingo,available,54,6%,4,Mathematics,,,
abducens.bingo,available,54,1%,8,Medicine,,,
quintuplet.bingo,available,54,1%,10,"Healthcare,Medicine,Science",,,
topnotch.bingo,available,54,18%,8,Business,,,
adducent.bingo,available,54,1%,8,"Engineering,Mathematics,Science",,,
quaternity.bingo,available,54,4%,10,Mathematics,,,
actuated.bingo,available,54,2%,8,"Automotive,Manufacturing,Technology",,,
adducting.bingo,available,54,1%,9,"Engineering,Mathematics,Science",,,
abaxial.bingo,available,54,1%,7,Science,,,
accursed.bingo,available,54,3%,8,"Entertainment,Media,Religion",,,
acoustical.bingo,available,54,4%,10,Science,,,
deuceace.bingo,available,54,2%,9,Sports,,,
fortyfive.bingo,available,54,4%,10,Mathematics,,,
unnatural.bingo,available,54,4%,9,"Medicine,Science",,,
abatable.bingo,available,54,1%,8,Law,,,
accentual.bingo,available,54,3%,9,"Arts,Entertainment",,,
abient.bingo,available,54,1%,6,Science,,,
threescore.bingo,available,54,1%,10,Mathematics,,,
sise.bingo,available,54,5%,4,Mathematics,,,
fin.bingo,available,54,30%,3,Finance,,,
adductive.bingo,available,54,0%,9,"Engineering,Mathematics,Science",,,
vii.bingo,available,54,13%,3,Mathematics,,,
scratchy.bingo,available,54,3%,8,Fashion,,,
aboral.bingo,available,54,2%,6,Science,,,
deserted.bingo,available,54,3%,8,"Hospitality,Real Estate",,,
ternion.bingo,available,54,3%,7,Mathematics,,,
achy.bingo,available,54,3%,4,Healthcare,,,
achromatic.bingo,available,54,4%,10,Science,,,
adjuratory.bingo,available,54,0%,10,"Law,Politics,Religion",,,
adaxial.bingo,available,54,2%,7,Science,,,
iii.bingo,available,54,24%,3,Mathematics,,,
quatern.bingo,available,54,2%,7,Mathematics,,,
quaternion.bingo,available,54,6%,10,Mathematics,,,
quadruplet.bingo,available,54,1%,10,"Healthcare,Medicine,Science",,,
adpressed.bingo,available,54,0%,9,"Agriculture,Manufacturing,Retail",,,
abasic.bingo,available,54,1%,6,Science,,,
septet.bingo,available,53,1%,6,General,,,
sestet.bingo,available,53,1%,6,Arts,,,
littlejoe.bingo,available,52,2%,10,"Entertainment,Media",,,
ixc.bingo,available,52,5%,3,Mathematics,,,
lxiii.bingo,available,52,2%,5,Mathematics,,,
lxxvii.bingo,available,52,2%,6,Mathematics,,,
abysmal.bingo,available,52,4%,7,"Arts,Entertainment,Media",,,
decumbent.bingo,available,52,1%,9,"Healthcare,Medicine,Science",,,
lxxxiv.bingo,available,52,1%,6,Mathematics,,,
lxxv.bingo,available,52,1%,4,Mathematics,,,
lxxxi.bingo,available,52,1%,5,Mathematics,,,
uphill.bingo,available,52,7%,6,"Sports,Transportation,Travel",,,
lxiv.bingo,available,52,3%,4,Mathematics,,,
abominable.bingo,available,52,2%,10,"Entertainment,Humanities",,,
lxv.bingo,available,52,5%,3,Mathematics,,,
sixtysix.bingo,available,52,4%,9,Mathematics,,,
lxii.bingo,available,52,1%,4,Mathematics,,,
detestable.bingo,available,52,1%,10,Humanities,,,
eightyone.bingo,available,52,3%,10,Mathematics,,,
xcvii.bingo,available,52,1%,5,Mathematics,,,
adenoidal.bingo,available,52,1%,9,"Health and Fitness,Medicine,Science",,,
lxviii.bingo,available,52,1%,6,Mathematics,,,
ablated.bingo,available,52,1%,7,Science,,,
xcvi.bingo,available,52,2%,4,Mathematics,,,
lxxii.bingo,available,52,1%,5,Mathematics,,,
sixtyfive.bingo,available,52,3%,10,Mathematics,,,
ninetyone.bingo,available,52,5%,10,Mathematics,,,
ixl.bingo,available,52,9%,3,Mathematics,,,
lxxxv.bingo,available,52,1%,5,Mathematics,,,
lxxxii.bingo,available,52,1%,6,Mathematics,,,
ninetytwo.bingo,available,52,4%,10,Mathematics,,,
lxxiii.bingo,available,52,1%,6,Mathematics,,,
lxxxvii.bingo,available,52,1%,7,Mathematics,,,
xcii.bingo,available,52,2%,4,Mathematics,,,
lxxi.bingo,available,52,1%,4,Mathematics,,,
abstruse.bingo,available,52,5%,8,"Humanities,Mathematics,Science",,,
repulsive.bingo,available,52,1%,9,Humanities,,,
lxxxiii.bingo,available,52,1%,7,Mathematics,,,
xcv.bingo,available,52,7%,3,Mathematics,,,
sixtytwo.bingo,available,52,3%,9,Mathematics,,,
sixtyfour.bingo,available,52,3%,10,Mathematics,,,
repugnant.bingo,available,52,1%,9,Humanities,,,
odious.bingo,available,52,2%,6,"Entertainment,Humanities",,,
lxvi.bingo,available,52,3%,4,Mathematics,,,
lxxxvi.bingo,available,52,1%,6,Mathematics,,,
xciii.bingo,available,52,1%,5,Mathematics,,,
abusive.bingo,available,52,3%,7,"Healthcare,Law",,,
aboulic.bingo,available,52,1%,7,Medicine,,,
lxvii.bingo,available,52,1%,5,Mathematics,,,
xci.bingo,available,52,4%,3,Mathematics,,,
ninetysix.bingo,available,52,4%,10,Mathematics,,,
lxi.bingo,available,52,5%,3,Mathematics,,,
chagrined.bingo,available,52,1%,9,Humanities,,,
lxxiv.bingo,available,52,1%,5,Mathematics,,,
eightytwo.bingo,available,52,4%,10,Mathematics,,,
xciv.bingo,available,52,2%,4,Mathematics,,,
tierce.bingo,available,52,3%,6,General,,,
xcviii.bingo,available,52,1%,6,Mathematics,,,
lxxvi.bingo,available,52,1%,5,Mathematics,,,
acetose.bingo,available,50,1%,7,Science,,,
aborticide.bingo,available,50,0%,10,Medicine,,,
cinque.bingo,available,50,7%,6,Mathematics,,,
acellular.bingo,available,50,1%,9,Science,,,
aculeated.bingo,available,50,0%,9,"Engineering,Medicine,Science",,,
acerb.bingo,available,50,2%,5,Science,,,
acaudal.bingo,available,50,1%,7,"Agriculture,Science",,,
quint.bingo,available,50,13%,5,"Arts,Entertainment",,,
abranchial.bingo,available,50,0%,10,Science,,,
acerose.bingo,available,50,1%,7,Science,,,
ogdoad.bingo,available,50,1%,6,Mathematics,,,
adhominem.bingo,available,50,2%,10,"Humanities,Law,Politics",,,
acetous.bingo,available,50,1%,7,Science,,,
abactinal.bingo,available,50,0%,9,Science,,,
trine.bingo,available,50,11%,5,"General,Religion",,,
lxx.bingo,available,50,5%,3,Mathematics,,,
gillless.bingo,available,50,0%,9,Science,,,
triplet.bingo,available,50,8%,7,Science,,,
broached.bingo,available,50,0%,8,Food and Beverage,,,
acapnotic.bingo,available,50,0%,9,"Healthcare,Medicine,Science",,,
adactylous.bingo,available,50,0%,10,Science,,,
abbatial.bingo,available,50,0%,8,Religion,,,
vinegary.bingo,available,50,1%,8,Food and Beverage,,,
spinous.bingo,available,50,1%,7,"Agriculture,Science",,,
acerbic.bingo,available,50,2%,7,"Arts,Humanities,Media",,,
needlelike.bingo,available,50,0%,10,"Engineering,Medicine,Science",,,
abdicable.bingo,available,50,0%,9,Law,,,
scummy.bingo,available,50,1%,6,Humanities,,,
acquitted.bingo,available,50,1%,9,Law,,,
abducting.bingo,available,50,0%,9,Medicine,,,
abomasal.bingo,available,50,0%,8,Agriculture,,,
acapnic.bingo,available,50,0%,7,"Healthcare,Medicine,Science",,,
ilxxx.bingo,available,48,1%,5,Mathematics,,,
ilxx.bingo,available,48,1%,4,Mathematics,,,
lxxxviii.bingo,available,48,1%,8,Mathematics,,,
abyssal.bingo,available,48,12%,7,"Arts,Entertainment,Media",,,
abstracted.bingo,available,48,5%,10,"Arts,Humanities,Science",,,
apriori.bingo,available,48,13%,8,Mathematics,,,
execrable.bingo,available,48,0%,9,"Entertainment,Humanities",,,
notguilty.bingo,available,48,5%,10,Law,,,
achenial.bingo,available,46,1%,8,Science,,,
stemless.bingo,available,46,2%,8,"Agriculture,Science",,,
acheronian.bingo,available,46,1%,10,Humanities,,,
quaternary.bingo,available,46,3%,10,Mathematics,,,
cotyloid.bingo,available,46,1%,8,Science,,,
acaudate.bingo,available,46,1%,8,"Agriculture,Science",,,
acetylic.bingo,available,46,1%,8,Science,,,
acapnial.bingo,available,46,0%,8,"Healthcare,Medicine,Science",,,
theabsurd.bingo,available,46,1%,10,"Arts,Entertainment,Media",,,
acarpelous.bingo,available,46,0%,10,"Agriculture,Science",,,
acetylenic.bingo,available,46,1%,10,Science,,,
acicular.bingo,available,46,2%,8,Science,,,
acetabular.bingo,available,46,1%,10,Science,,,
acetonic.bingo,available,46,1%,8,Science,,,
acanthoid.bingo,available,46,1%,9,"Agriculture,Science",,,
stripling.bingo,available,46,2%,9,"Education,Entertainment,Healthcare",,,
acanthotic.bingo,available,46,0%,10,"Agriculture,Science",,,
acarpous.bingo,available,46,0%,8,"Agriculture,Science",,,
vinegarish.bingo,available,46,1%,10,Food and Beverage,,,
achromous.bingo,available,46,1%,9,Science,,,
acanthous.bingo,available,46,0%,9,"Agriculture,Science",,,
acephalous.bingo,available,46,1%,10,Science,,,
achromic.bingo,available,46,2%,8,Science,,,
cotyloidal.bingo,available,44,1%,10,Science,,,
accusatory.bingo,available,44,1%,10,Law,,,
acherontic.bingo,available,44,1%,10,Humanities,,,
abscessed.bingo,available,41,0%,9,Healthcare,,,
phoebe.bingo,available,41,14%,6,Science,,,
accusive.bingo,available,40,1%,8,Law,,,
accurst.bingo,available,40,1%,7,Religion,,,
scurrilous.bingo,available,40,1%,10,"Entertainment,Media,Politics",,,